drop table album;
drop table track;
drop table music;
drop table artist;
drop table company;
create table album(album_id int, album_title text, album_artist int, year int, genre text, copyright int);
create table track(album_id int, num int, music_id int, length int);
create table music(music_id int, title text, player_id int, composer_id int, dolby boolean, lossless boolean);
create table artist(artist_id int, name text, member int);
create table company(com_id int, name text, nationality text);

insert into artist values (0, 'undefined',0);

insert into album values (100, 'UTA''S SONGS ONE PIECE FILM RED', 300, 'ANIME', 2022, 401);
insert into company values (401, 'Virgin Music release', 'JP');
insert into artist values (300, 'Ado',0);
insert into artist values (301, 'Yasutaka Nakata',0);
insert into artist values (302, 'Motoki Ohmori',0);
insert into artist values (303, 'VAUNDY',0);
insert into artist values (304, 'FAKE TYPE.',0);
insert into artist values (305, 'Hiroyuki Sawano',0);
insert into artist values (306, 'Yuta Orisaka',0);
insert into artist values (307, 'Hata Motohiro',0);
insert into artist values (308, 'Kohei Tanaka',0);
insert into track values (100, 1, 200, 8);
insert into track values (100, 2, 201, 8);
insert into track values (100, 3, 202, 8);
insert into track values (100, 4, 203, 8);
insert into track values (100, 5, 204, 8);
insert into track values (100, 6, 205, 8);
insert into track values (100, 7, 206, 8);
insert into track values (100, 8, 207, 8);
insert into music values (200, 'New Genesis',300, 301, 1, 1);
insert into music values (201, 'I''m invincible',300, 302, 1, 1);
insert into music values (202, 'Backlight',300, 303, 1, 1);
insert into music values (203, 'Fleeting Lullaby',300, 304, 1, 1);
insert into music values (204, 'Tot Musica',300, 305, 1, 1);
insert into music values (205, 'The World''s Continuation',300, 306, 1, 1);
insert into music values (206, 'Where the Wind Blows',300, 307, 1, 1);
insert into music values (207, 'BINKUSUNO SAKE',300, 308, 1, 1);

insert into album values (101, 'Rebellion - Single', 300, 'JPOP', 2022, 401);
insert into artist values (309, 'CHINOZO',0);
insert into track values (101, 1, 208, 1);
insert into music values (208, 'Rebellion',300, 309, 0, 1);

insert into album values (102, 'Odo - Single', 300, 'JPOP', 2021, 401);
insert into artist values (310, 'Giga & TeddyLoid', 0);
insert into track values (102, 1, 209, 1);
insert into music values (209, 'Odo',300, 310, 1, 1);

insert into album values (103, 'Idol - Single', 312, 'ANIME', 2023, 404);
insert into company values (404, 'YOASOBI', 'JP');
insert into artist values (311, 'Ayase', 312);
insert into artist values (312, 'YOASOBI', 312);
insert into track values (103, 1, 210, 1);
insert into music values (210, 'Idol', 312, 311, 0, 0);

insert into album values (104, 'Kessoku Band', 313, 'ANIME', 2022, 406);
insert into company values (406, 'Aniplex Inc.', 'JP');
insert into artist values (313, 'kessoku band', 313);
insert into artist values (314, 'otoha', 0);
insert into artist values (315, 'Masamichi Nagai', 0);
insert into artist values (316, 'Maguro Taniguchi', 0);
insert into artist values (317, 'Daichi Yoshioka', 0);
insert into artist values (318, '塚田耕平', 0);
insert into artist values (319, 'Kayoko Kusano', 0);
insert into artist values (320, 'Ikkyu Nakajima', 0);
insert into artist values (321, 'Hidemasa Naito', 0);
insert into artist values (322, 'Yuho Kitazawa', 0);
insert into artist values (323, 'Masafumi Goto', 0);
insert into track values (104, 1, 211, 14);
insert into track values (104, 2, 212, 14);
insert into track values (104, 3, 213, 14);
insert into track values (104, 4, 214, 14);
insert into track values (104, 5, 215, 14);
insert into track values (104, 6, 216, 14);
insert into track values (104, 7, 217, 14);
insert into track values (104, 8, 218, 14);
insert into track values (104, 9, 219, 14);
insert into track values (104, 10, 220, 14);
insert into track values (104, 11, 221, 14);
insert into track values (104, 12, 222, 14);
insert into track values (104, 13, 223, 14);
insert into track values (104, 14, 224, 14);
insert into music values (211, 'seisyun complex', 313, 314, 0, 1);
insert into music values (212, 'hitoribocchi tokyo', 313, 315, 0, 1);
insert into music values (213, 'Distortion!!', 313, 316, 0, 1);
insert into music values (214, 'Secret base', 313, 317, 0, 1);
insert into music values (215, 'Guitar, Loneliness and Blue Planet', 313, 314, 0, 1);
insert into music values (216, 'I can''t sing a love song', 313, 318, 0, 1);
insert into music values (217, 'That band', 313, 319, 0, 1);
insert into music values (218, 'Karakara', 313, 320, 0, 1);
insert into music values (219, 'The Little Sea', 313, 314, 0, 1);
insert into music values (220, 'Never forget', 313, 317, 0, 1);
insert into music values (221, 'If I could be a constellation', 313, 321, 0, 1);
insert into music values (222, 'Flashbacker', 313, 314, 0, 1);
insert into music values (223, 'What is wrong with', 313, 322, 0, 1);
insert into music values (224, 'Rockn'' Roll, Morning Light Falls on You', 313, 323, 0, 1);

insert into album values (105, 'What a Wonderful Dream!!', 324, 'ANIME', 2022, 407);
insert into company values (407, 'Lantis', 'JP');
insert into artist values (324, 'Liella!', 324);
insert into artist values (325, 'Yasuhiro Obata', 0);
insert into artist values (326, 'FUWARI', 0);
insert into artist values (327, 'Keke Tang (CV: Liyuu)', 324);
insert into artist values (328, 'Gento Miyano', 0);
insert into artist values (329, 'Chisato Arashi (CV: Nako Misaki)', 324);
insert into artist values (330, 'Satoru Kurihara & Singo Kubota', 0);
insert into artist values (331, 'Sumire Heanna (CV: Naomi Payton)', 324);
insert into artist values (332, 'Masaki Iehara', 0);
insert into artist values (333, 'Shu Kanematsu', 0);
insert into artist values (334, 'Ren Hazuki (CV: Nagisa Aoyama)', 324);
insert into artist values (335, 'Hidehiro Kawai', 0);
insert into artist values (336, 'Kanon Shibuya (CV: Sayuri Date)', 324);
insert into artist values (337, 'Hiroki', 0);
insert into artist values (338, 'Tomokazu Yamada', 0);
insert into artist values (339, 'Gou Ishikuro & Yu-ki Kokubo', 0);
insert into track values (105, 1, 212, 10);
insert into track values (105, 2, 213, 10);
insert into track values (105, 3, 214, 10);
insert into track values (105, 4, 215, 10);
insert into track values (105, 5, 216, 10);
insert into track values (105, 6, 217, 10);
insert into track values (105, 7, 218, 10);
insert into track values (105, 8, 219, 10);
insert into track values (105, 9, 220, 10);
insert into track values (105, 10, 221, 10);
insert into music values (225, 'START!! True dreams', 324, 325, 0, 1);
insert into music values (226, 'What a Wonderful Dream!!', 324, 326, 0, 1);
insert into music values (227, 'Mizuiro no Sunday', 327, 328, 0, 1);
insert into music values (228, 'Flyer''s High', 329, 330, 0, 1);
insert into music values (229, 'Mitero!', 331, 332, 0, 1);
insert into music values (230, 'Hajimari wa Kimi no Sora', 324, 333, 0, 1);
insert into music values (231, 'Binetsu no Waltz', 334, 335, 0, 1);
insert into music values (232, 'Aozora o Matteru', 336, 337, 0, 1);
insert into music values (233, 'Mirai wa Kaze no you ni', 324, 338, 0, 1);
insert into music values (234, 'Unison', 324, 339, 0, 1);
